[Header],,,,,,,,,,,,,
Backup_NAS_name,Ingerimm,,,,,,,,,,,,
kind_of_run,2x101bp,,,,,,,,,,,,
Operator,Katayoun Alemazkour/Frauke Meyer,,,,,,,,,,,,
Investigator,Layal Yasin/Ute Fischer/Daniel Picard,,,,,,,,,,,,
Date,05/06/19,,,,,,,,,,,,
Instrument Type,HiSeq 1500/2500,,,,,,,,,,,,
Index Adapters,Agilent_Sure_SelectXT,,,,,,,,,,,,
Chemistry,defualt,,,,,,,,,,,,
,,,,,,,,,,,,,
[Reads],,,,,,,,,,,,,
101,,,,,,,,,,,,,
101,,,,,,,,,,,,,
[Settings],,,,,,,,,,,,,
ReverseComplement,0,,,,,,,,,,,,
Adapter,AGATCGGAAGAGCACACGTCTGAACTCCAGTCA,,,,,,,,,,,,
AdapterRead2,AGATCGGAAGAGCACACGTCTGAACTCCAGTCA,,,,,,,,,,,,
,,,,,,,,,,,,,
[Data],,,,,,,,,,,,,
Lane,Sample_ID,Sample_Name,Sample_Plate,Sample_Well,I7_Index_ID,index,Sample_Project,Description,spike_entity_id,spike_entity_role,spike_ignore_sample,spike_notes,capture_kit
1,KB0243_f,,,,G01,ATTGGCTC,Keimbahn,,,,,,
1,KB0243_m,,,,H01,GATGAATC,Keimbahn,,,,,,
1,ALPS_71,,,,A01,ATGCCTAA,Keimbahn,,,,,,
1,ALPS_72,,,,B01,GAATCTGA,Keimbahn,,,,,,
2,KB0243_f,,,,G01,ATTGGCTC,Keimbahn,,,,,,
2,KB0243_m,,,,H01,GATGAATC,Keimbahn,,,,,,
2,ALPS_71,,,,A01,ATGCCTAA,Keimbahn,,,,,,
2,ALPS_72,,,,B01,GAATCTGA,Keimbahn,,,,,,
3,KB0219_c,,,,C01,AACGTGAT,Keimbahn,,,,,,
3,KB0219_f,,,,D01,CACTTCGA,Keimbahn,,,,,,
3,KB0219_m,,,,E01,GCCAAGAC,Keimbahn,,,,,,
3,KB0243_c,,,,F01,GACTAGTA,Keimbahn,,,,,,
4,KB0219_c,,,,C01,AACGTGAT,Keimbahn,,,,,,
4,KB0219_f,,,,D01,CACTTCGA,Keimbahn,,,,,,
4,KB0219_m,,,,E01,GCCAAGAC,Keimbahn,,,,,,
4,KB0243_c,,,,F01,GACTAGTA,Keimbahn,,,,,,
5,D1_Med8A_DMSO_D7,,,,rev1,TCGCCTTG,AG_Remke,,,,,,
5,D2_Med8A_Entino05_D7,,,,rev2,ATAGCGTC,AG_Remke,,,,,,
5,D3_Med8A_Pano10_D7,,,,rev3,GAAGAAGT,AG_Remke,,,,,,
5,D4_Med8A_CI2_5_D7,,,,rev4,ATTCTAGG,AG_Remke,,,,,,
5,D5_Med8A_DMSO_D14,,,,rev5,CGTTACCA,AG_Remke,,,,,,
5,D6_Med8A_Entino05_D14,,,,rev6,GTCTGATG,AG_Remke,,,,,,
5,D7_Med8A_Pano10_D14,,,,rev7,TTACGCAC,AG_Remke,,,,,,
5,D8_Med8A_CI2_5_D14,,,,rev8,TTGAATAG,AG_Remke,,,,,,
6,R1_Med8A_DMSO_D7,,,,4,TGACCA,AG_Remke,,,,,,
6,R2_Med8A_Entino05_D7,,,,5,ACAGTG,AG_Remke,,,,,,
6,R3_Med8A_Pano10_D7,,,,6,GCCAAT,AG_Remke,,,,,,
6,R4_Med8A_CI2_5_D7,,,,7,CAGATC,AG_Remke,,,,,,
7,R5_Med8A_DMSO_D14,,,,16,CCGTCC,AG_Remke,,,,,,
7,R6_Med8A_Entino05_D14,,,,18,GTCCGC,AG_Remke,,,,,,
7,R7_Med8A_Pano10_D14,,,,19,GTGAAA,AG_Remke,,,,,,
7,R8_Med8A_CI2_5_D14,,,,2,CGATGT,AG_Remke,,,,,,
8,NPTH61,,,,19,GTGAAA,AG_Remke,,,,,,
8,NPTH62,,,,2,CGATGT,AG_Remke,,,,,,
8,NPTH63,,,,4,TGACCA,AG_Remke,,,,,,
8,NPTH64,,,,5,ACAGTG,AG_Remke,,,,,,
